smiles,value,target_id
COCCOC(=O)C1=C(C)N=C(C)C(C(=O)OC/C=C/c2ccccc2)C1c1cccc([N+](=O)[O-])c1,1.2996709909836488,[7]
CC(C)=c1nc(N(C)S(C)(=O)=O)nc(-c2ccc(F)cc2)c1=CC[C@@H](O)C[C@@H](O)CC(=O)O,-0.4575832148375524,[7]
Cc1cnc(NC(=O)C2C(=O)c3ccccc3S(=O)(=O)N2C)s1,0.15706806508527008,[7]
Cc1cc(OCCCS(C)(=O)=O)cc(C)c1-c1cccc(COc2ccc3c(c2)OC[C@H]3CC(=O)O)c1,-0.4431380336485481,[7]
CSc1ccc(C=C2C(C)=C(CC(=O)O)c3cc(F)ccc32)cc1,0.9952737470607524,[7]
CC(=O)O[C@@]12CO[C@@H]1C[C@H](O)[C@@]1(C)C(=O)C(=O)C3C(C)[C@@H](OC(=O)C(O)C(NC(=O)OC(C)(C)C)c4ccccc4)C[C@@](O)([C@@H](OC(=O)c4ccccc4)[C@H]21)C3(C)C,-0.11113919338321317,[7]
c1ccc2c(c1)Sc1ccccc1N2CC1CN2CCC1CC2,1.2139348849219627,[7]
CCCCCCCCCCC[C@@H](C[C@@H]1OC(=O)C1CCCCCC)OC(=O)C(CC(C)C)NC=O,-0.8284709831788254,[7]
C[C@H](Oc1ccc(S(C)(=O)=O)cc1C(=O)N1CCN(c2ncc(C(F)(F)F)cc2F)CC1)C(F)(F)F,1.3110395344507448,[7]
CCN(CC)CCNC(=O)c1cc(Cl)c(N)cc1OC,2.054910626604207,[7]
CCc1nc(N)nc(N)c1-c1ccc(Cl)cc1,1.9462395650641264,[7]
COc1cc2nccc(Oc3ccc(NC(=O)C4(C(=O)Nc5ccc(F)cc5)CC4)cc3)c2cc1OC,1.1027133184487419,[7]
CN(C)CCc1c[nH]c2ccc(Cn3cncn3)cc12,1.1128825657248294,[7]
CN(C)CCC=C1c2ccccc2COc2ccccc21,1.952643531637471,[7]
C[C@H]1CNCCc2ccc(Cl)cc21,2.3246364141545226,[7]
CCCc1nc(C)c2c(=O)[nH]c(-c3cc(S(=O)(=O)N4CCN(CC)CC4)ccc3OCC)nn12,0.2730536985504622,[7]
CNCCCC12CCC(c3ccccc31)c1ccccc12,1.674354650683392,[7]
CN(C)CCC=C1c2ccccc2C=Cc2ccccc21,1.940904494717688,[7]
CCc1c2c(nc3ccc(OC(=O)N4CCC(N5CCCCC5)CC4)cc13)-c1cc3c(c(=O)n1C2)COC(=O)[C@]3(O)CC,-0.061200092177434794,[7]
CC[C@H](Nc1ncnc2[nH]cnc12)c1nc2cccc(F)c2c(=O)n1-c1ccccc1,-0.08999424412335709,[7]
CN(C)CCC=C1c2ccccc2CCc2ccccc21,1.9350221651156692,[7]
CC[C@H]1CN2CCc3cc(OC)c(OC)cc3[C@@H]2C[C@@H]1C[C@H]1NCCc2cc(OC)c(OC)cc21,0.3548900527037141,[7]
COc1ccc2c(c1)c(CC(=O)OCC(=O)O)c(C)n2C(=O)c1ccc(Cl)cc1,-0.36545585666085656,[7]
CCOC(=O)Nc1ccc(NCc2ccc(F)cc2)cc1N,2.1671884657754186,[7]
C=CCN1CC[C@]23c4c5ccc(O)c4OC2C(=O)CC[C@@]3(O)[C@H]1C5,2.275604874572768,[7]
CC1C(=O)O[C@@H]2O[C@@]3(C)CC[C@H]4[C@H](C)CC[C@@H]1[C@@]24OO3,2.0112384760197197,[7]
COc1cc(N)c(Cl)cc1C(=O)N[C@@H]1CCN(CCCOc2ccc(F)cc2)C[C@@H]1OC,1.831026700045837,[7]
O=C(O)CSc1nnc(Br)n1-c1ccc(C2CC2)c2ccccc12,-0.6798646565853764,[7]
CN1CCN2c3ccccc3Cc3ccccc3C2C1,1.857663075637196,[7]
C[C@@H]1CN(c2c(F)c(N)c3c(=O)c(C(=O)O)cn(C4CC4)c3c2F)C[C@H](C)N1,1.830750205039546,[7]
Cc1cc(Cn2nnc3c(-c4ccco4)nc(N)nc32)ccc1N,1.745210519109246,[7]
CCC(C)C(=O)O[C@H]1C[C@@H](C)C=C2C=C[C@H](C)[C@H](CC[C@@H]3C[C@@H](O)CC(=O)O3)[C@H]21,1.2492999777500897,[7]
COc1cc([C@@H]2c3cc4c(cc3[C@@H](O[C@@H]3O[C@@H]5CO[C@@H](c6cccs6)O[C@H]5[C@H](O)[C@H]3O)[C@H]3COC(=O)C23)OCO4)cc(OC)c1O,-4.0,[7]
OCCN1CCN(CCCN2c3ccccc3Sc3ccc(Cl)cc32)CC1,1.4951148004072479,[7]
CN(CCOc1ccc(Cc2sc(=O)[nH]c2O)cc1)c1ccccn1,1.0636910492450178,[7]
C[C@H]1O[C@@H](O[C@H]2[C@@H](O)C[C@H](O[C@H]3[C@@H](O)C[C@H](O[C@H]4CC[C@@]5(C)[C@H](CC[C@@H]6[C@@H]5C[C@@H](O)[C@]5(C)[C@@H](C7=CC(=O)OC7)CC[C@]65O)C4)O[C@@H]3C)O[C@@H]2C)C[C@H](O)[C@@H]1O,0.14674372983034692,[7]
COC(=O)C1[C@H]2C[C@@H]3c4[nH]c5cc(OC)ccc5c4CCN3C[C@H]2C[C@@H](OC(=O)c2cc(OC)c(OC)c(OC)c2)[C@@H]1OC,1.4138402804912606,[7]
C=CCC1=CC(C)C[C@H](C)C[C@H](OC)[C@H]2O[C@@](O)(C(=O)C(=O)N3CCCCC3C(=O)O[C@H](/C(C)=C/[C@@H]3CC[C@@H](O)[C@H](OC)C3)[C@H](C)[C@@H](O)CC1=O)[C@H](C)C[C@@H]2OC,-0.18263954810955307,[7]
CN1C(=O)CN=C(c2ccccc2)c2cc(Cl)ccc21,1.8145193830789383,[7]
CCCN[C@H]1CCc2nc(N)sc2C1,2.105058426689998,[7]
COC(=O)NC(C(=O)N1CCCC1C(=O)Nc1ccc([C@@H]2CC[C@@H](c3ccc(NC(=O)C4CCCN4C(=O)C(NC(=O)OC)C(C)C)cc3)N2c2ccc(C(C)(C)C)cc2)cc1)C(C)C,1.7891731604571168,[7]
O=C1Nc2ccc(Cl)cc2[C@@](C#CC2CC2)(C(F)(F)F)O1,1.4789053315214908,[7]
CS(=O)(=O)Nc1cc2occ(NC=O)c(=O)c2cc1Oc1ccccc1,1.6866467086468142,[7]
CC(C)CN(C[C@@H](O)[C@H](Cc1ccccc1)NC(=O)O[C@H]1CCOC1)S(=O)(=O)c1ccc(N)cc1,-0.6762715307267749,[7]
CNCCC=C1c2ccccc2CCc2ccccc21,1.7937054920715183,[7]
C[C@@H]1CCO[C@H]2Cn3cc(C(=O)NCc4ccc(F)cc4F)c(=O)c(O)c3C(=O)N12,1.050979061091985,[7]
Nc1nc(CC(=O)Nc2ccc(CCNC[C@H](O)c3ccccc3)cc2)cs1,0.10875007898536306,[7]
C/C(=C\c1csc(C)n1)[C@@H]1C[C@@H]2O[C@@H]2CCC[C@H](C)[C@H](O)C(C)C(=O)C(C)(C)[C@@H](O)CC(=O)O1,0.4096131809146531,[7]
CCOC(=O)N[C@@H]1CC[C@@H]2[C@H](CC3C(=O)O[C@H](C)[C@H]3[C@H]2/C=C/c2ccc(-c3cccc(F)c3)cn2)C1,1.5197031739077411,[7]
C=C[C@H]1CN2CC[C@H]1C[C@@H]2[C@@H](O)c1ccnc2ccc(OC)cc12,0.37401702666461956,[7]
CCn1cc(C(=O)O)c(=O)c2cc(F)c(N3CCNCC3)nc21,1.1520858930362252,[7]
COc1cccc([C@H]2OC(CC(=O)N3CCC(CC(=O)O)CC3)C(=O)N(CC(C)(C)COC(C)=O)c3ccc(Cl)cc32)c1OC,0.00879638595839579,[7]
OC(CCN1CCCC1)(c1ccccc1)C1CCCCC1,2.0267906643912483,[7]
Cc1cc(Nc2ncc(Cl)c(Nc3ccccc3S(=O)(=O)C(C)C)n2)c(OC(C)C)cc1C1CCNCC1,-0.41023213143660053,[7]
CC(C)c1ccc2oc3nc(N)c(C(=O)O)cc3c(=O)c2c1,-0.18593108325865543,[7]
CCN(CC)C(=O)C(C#N)=Cc1cc(O)c(O)c([N+](=O)[O-])c1,0.2157617118820126,[7]
CC(CCc1ccccc1)NCC(O)c1ccc(O)c(C(N)=O)c1,0.7276773852227055,[7]
CC(C)N(CCC(C(N)=O)(c1ccccc1)c1ccccn1)C(C)C,0.33121262992313866,[7]
Cn1c(CNc2ccc(C(=N)N)cc2)nc2cc(C(=O)N(CCC(=O)O)c3ccccn3)ccc21,0.6196075774188712,[7]
CC(C)(C)C(O)/C=C/c1ccc2c(c1)OCO2,1.8669583494368684,[7]
COc1cc(Nc2c(C#N)cnc3cc(OCCCN4CCN(C)CC4)c(OC)cc23)c(Cl)cc1Cl,-0.07453221965918638,[7]
COc1c(C)c2c(c(O)c1C/C=C(\C)CCC(=O)O)C(=O)OC2,0.4837746102096627,[7]
CNC(=O)c1cc(Oc2ccc(NC(=O)Nc3ccc(Cl)c(C(F)(F)F)c3)cc2)ccn1,0.8240060398246432,[7]
CCCCCN=C(N)NN=Cc1c[nH]c2ccc(OC)cc12,0.9430133597877234,[7]
CC[C@]1(O)C[C@@H]2CN(CCc3c([nH]c4ccccc34)[C@@](C(=O)OC)(c3cc4c(cc3OC)N(C)[C@H]3[C@@](O)(C(=O)OC)[C@H](OC(C)=O)[C@]5(CC)C=CCN6CC[C@]43[C@@H]65)C2)C1,-4.0,[7]
CN(CCOc1ccc(NS(C)(=O)=O)cc1)CCc1ccc(NS(C)(=O)=O)cc1,0.39828531509683374,[7]
Nc1nc2ccc(OC(F)(F)F)cc2s1,1.751416025996554,[7]
O=c1[nH]c(O)cn1/N=C/c1ccc([N+](=O)[O-])o1,1.064422283885703,[7]
NC(=O)C(CCC(F)(F)F)N(Cc1ccc(-c2ncon2)cc1F)S(=O)(=O)c1ccc(Cl)cc1,1.6456974438916512,[7]
CC(NC(=O)C(O)C(C)C)C(=O)NC1C(=O)N(C)CCc2ccccc21,0.5097083164222692,[7]
CN(C)CCOC(c1ccccc1)c1ccccc1,2.2236673132878604,[7]
O[C@@H](c1cc(C(F)(F)F)nc2c(C(F)(F)F)cccc12)[C@H]1CCCCN1,0.9669540026854763,[7]
CC(=O)O[C@H]1Cc2ccccc2N(C(N)=O)c2ccccc21,1.7895373593036128,[7]
CN1CCC[C@@H]1Cc1c[nH]c2ccc(CCS(=O)(=O)c3ccccc3)cc12,0.49479532353608613,[7]
C[C@]12C=CC(=O)C=C1CC[C@@H]1[C@@H]2[C@@H](O)C[C@@]2(C)[C@H]1CC[C@]2(O)C(=O)CO,0.8931958296387464,[7]
COc1cccc([C@@]2(O)CCCC[C@@H]2CN(C)C)c1,2.4655391513364,[7]
CN(C)CCCN1c2ccccc2CCc2ccc(Cl)cc21,1.6373970072496316,[7]
C[C@]1(c2nc3c(C(N)=O)cccc3[nH]2)CCCN1,1.4404605443772736,[7]
CCc1cccc2cc(C(O)CNC(C)(C)C)oc12,1.7622046749642268,[7]
CCn1cc(C(=O)O)c(=O)c2cc(F)c(N3CCNCC3)cc21,0.7054653095168113,[7]
CC/C(=C(\c1ccccc1)c1ccc(OCCN(C)C)cc1)c1ccccc1,1.1513697990638452,[7]
CC[C@H]1OC(=O)C(C)[C@@H](O[C@H]2C[C@@](C)(OC)[C@@H](O)[C@H](C)O2)[C@H](C)[C@@H](O[C@@H]2O[C@H](C)C[C@H](N(C)C)[C@H]2O)[C@](C)(O)C[C@@H](C)CN(C)[C@H](C)[C@@H](O)[C@]1(C)O,0.6233098675646647,[7]
CC(NCc1ccc(OCc2cccc(F)c2)cc1)C(N)=O,1.702737376937842,[7]
CC[C@@H]([C@H](C)O)n1ncn(-c2ccc(N3CCN(c4ccc(OC[C@@H]5CO[C@@](Cn6cncn6)(c6ccc(F)cc6F)C5)cc4)CC3)cc2)c1=O,-0.44077090966728516,[7]
CCCCc1oc2ccccc2c1C(=O)c1cc(I)c(OCCN(CC)CC)c(I)c1,0.619676235071418,[7]
CCC(CC)[C@H](NC(C)=O)[C@@H]1[C@H](O)C(C(=O)O)C[C@H]1N=C(N)N,0.5790282282837871,[7]
C[C@H]1COc2c(N3CCN(C)CC3)c(F)cc3c(=O)c(C(=O)O)cn1c23,1.226827930610849,[7]
CC1OC(=O)C(C(C)C)NC(=O)C(C(C)C)OC(=O)C(C(C)C)NC(=O)C(C)OC(=O)C(C(C)C)NC(=O)C(C(C)C)OC(=O)C(C(C)C)NC(=O)C(C)OC(=O)C(C(C)C)NC(=O)C(C(C)C)OC(=O)C(C(C)C)NC1=O,-0.5217006978889057,[7]
Nc1nc(=O)c2ncn(COC(CO)CO)c2[nH]1,0.8611464071188903,[7]
Nc1nc(=O)n([C@@H]2CS[C@H](CO)O2)cc1F,1.0029756008962005,[7]
Nc1ncn([C@H]2C[C@H](O)[C@@H](CO)O2)c(=O)n1,1.1839922690452611,[7]
COc1cc2nc(N3CCN(C(=O)c4ccco4)CC3)nc(N)c2cc1OC,1.1738796777902696,[7]
O=C(O)C[C@H](O)C[C@H](O)/C=C/c1c(C2CC2)nc2ccccc2c1-c1ccc(F)cc1,-0.43951415054415066,[7]
O=C1CC2(CCCC2)CC(=O)N1CCCCN1CCN(c2ncccn2)CC1,2.2622282342715327,[7]
CC1c2cccc(O)c2C(=O)C2C(=O)[C@]3(O)C(=O)C(C(N)=O)C(=O)C(N(C)C)[C@@H]3[C@@H](O)[C@@H]21,1.1263482784877903,[7]
CC(C)NCC(O)c1ccc(NS(C)(=O)=O)cc1,0.8974660182687134,[7]
Cc1ccc(NC(=O)c2ccc(CN3CCN(C)CC3)cc2)cc1Nc1nccc(-c2cccnc2)n1,0.154546815426977,[7]
CC(C)(C)NCC(O)COc1ccc(NC(=O)NC2CCCCC2)cc1,0.2935595530781046,[7]
CC(CN(C)C)CN1c2ccccc2CCc2ccccc21,1.8209049654909113,[7]
C[N+]1(C)CCC(OC(=O)C(O)(c2ccccc2)C2CCCC2)C1,0.19202004741388654,[7]
Cc1c(O)cccc1C(=O)N[C@@H](CSc1ccccc1)[C@H](O)CN1C[C@H]2CCCC[C@H]2CC1C(=O)NC(C)(C)C,-0.8998217761712501,[7]
C=c1c(C(=O)NCCN(CC)CC)c(C)[nH]c1=Cc1c(O)[nH]c2ccc(F)cc12,1.1390014518739204,[7]
CCCCC(=O)N(Cc1ccc(-c2ccccc2-c2nn[nH]n2)cc1)C(C(=O)O)C(C)C,0.2795459556553441,[7]
COCCCOc1ccnc(C[S+]([O-])c2nc3ccccc3[nH]2)c1C,1.2888771300309014,[7]
CCOC(=O)C1=C[C@@H](OC(CC)CC)[C@H](NC(C)=O)[C@@H](N)C1,0.6434520288934101,[7]
CCc1cc(C(N)=S)ccn1,1.5921537874975455,[7]
O=c1[nH]c2ccccc2n1CCCN1CCC(n2c(=O)[nH]c3cc(Cl)ccc32)CC1,0.3660046795266093,[7]
C[C@]12CC[C@H](O)C[C@H]1CC[C@@H]1[C@@H]2C[C@@H](O)[C@]2(C)[C@@H](C3=CC(=O)OC3)CC[C@]12O,0.6469711254505003,[7]
O=S(=O)(N[C@H](CO)C(C(F)(F)F)C(F)(F)F)c1ccc(Cl)s1,1.8439492805661089,[7]
COc1ccc2c3c1O[C@H]1C[C@@H](O)C=C[C@@]31CCN(C)C2,2.1889489350357008,[7]
O=C(CCCN1CCC(O)(c2ccc(Cl)cc2)CC1)c1ccc(F)cc1,2.0500262576036548,[7]
Cc1nnc(C(=O)NC(C)(C)c2nc(C(=O)NCc3ccc(F)cc3)c(O)c(=O)n2C)o1,0.7119398716644864,[7]
CCOC(=O)Nc1ccc2c(c1)N(C(=O)CCN1CCOCC1)c1ccccc1S2,1.3988592459158076,[7]
NC(=O)C1(N2CCCCC2)CCN(CCCC(=O)c2ccc(F)cc2)CC1,1.5053784378681863,[7]
CCCCC1=NC2(CCCC2)C(=O)N1Cc1ccc(-c2ccccc2-c2nn[nH]n2)cc1,-0.19613935828342358,[7]
OCc1cc([C@@H](O)CNCCCCCCOCCOCc2c(Cl)cccc2Cl)ccc1O,0.1303385273713556,[7]
COC(=O)c1ccccc1-c1c2ccc(=N)cc-2oc2cc(N)ccc12,0.4106898199068071,[7]
CCC(=O)O[C@]1(C(=O)SCF)[C@H](C)C[C@H]2[C@@H]3C[C@H](F)C4=CC(=O)C=C[C@]4(C)[C@@]3(F)[C@@H](O)C[C@@]21C,1.2766591645471796,[7]
CC[C@]1(O)C[C@H]2CN(CCc3c([nH]c4ccccc34)[C@@](C(=O)OC)(c3cc4c(cc3OC)N(C=O)[C@H]3[C@@](O)(C(=O)OC)[C@H](OC(C)=O)[C@]5(CC)C=CCN6CC[C@]43[C@@H]65)C2)C1,-4.0,[7]
CCCCCCCCc1ccc(CCC(N)(CO)CO)cc1,0.7893905700520865,[7]
CS(=O)(=O)c1ccc(C2=C(c3ccccc3)C(=O)OC2)cc1,1.9106810352247106,[7]
O=C(O)COCCN1CCN(C(c2ccccc2)c2ccc(Cl)cc2)CC1,0.5823285672945262,[7]
CON=C(N)c1ccc(-c2ccc(-c3ccc(C(=N)NOC)cc3)o2)cc1,1.731986181506091,[7]
O=C(Nc1c(Cl)cncc1Cl)c1ccc(OC(F)F)c(OCC2CC2)c1,1.7027369271919708,[7]
COC(=O)C1=C(C)N=C(C)C(C(=O)OC)C1c1ccccc1[N+](=O)[O-],1.635099295551407,[7]
CC1=C(/C=C/C(C)=C/C=C/C(C)=C/C(=O)O)C(C)(C)CCC1,1.3927450306899536,[7]
CCCC1O[C@@H]2C[C@H]3[C@@H]4CC=C5CC(=O)C=C[C@]5(C)[C@H]4[C@@H](O)C[C@]3(C)[C@]2(C(=O)CO)O1,1.6297702366111546,[7]
NC(Cc1ccc(N(CCCl)CCCl)cc1)C(=O)O,0.22600053243725815,[7]
Cc1ccc2nc(NCCN)c3ncc(C)n3c2c1,1.6997112973457211,[7]
Cc1nc2n(c(=O)c1CCN1CCC(c3noc4cc(F)ccc34)CC1)CCCC2O,1.1065073982285574,[7]
Cc1ccc(Nc2nccc(N(C)c3ccc4c(C)n(C)nc4c3)n2)cc1S(N)(=O)=O,-0.3413845896875805,[7]
CCCc1nc(C(C)(C)O)c(C(=O)O)n1Cc1ccc(-c2ccccc2-c2nn[nH]n2)cc1,-0.47190118159286565,[7]
Nc1ncnc2c1ncn2Cc1c(F)cccc1Cl,2.097844618020624,[7]
Cc1ccc(C(=O)Nc2ccc(CN3CCN(C)CC3)c(C(F)(F)F)c2)cc1C#Cc1cnc2cccnn12,0.7261724687688264,[7]
CC(C)NCC(O)COc1ccc(CC(N)=O)cc1,0.838780755481675,[7]
CC(=O)O[C@]1(C(C)=O)CC[C@H]2C3=C(C4=C(CC3)CC(=O)CC4)C(c3ccc(N(C)C)cc3)C[C@@]21C,1.7060756841375062,[7]
N[C@@H]1CCCCN(c2c(F)cc3c(=O)c(C(=O)O)cn(C4CC4)c3c2Cl)C1,0.8042369326368776,[7]
CC(C)n1c(/C=C/[C@@H](O)C[C@@H](O)CC(=O)O)c(-c2ccc(F)cc2)c2ccccc21,-0.2736693353372492,[7]
CCCN(CCc1cccs1)[C@H]1CCc2c(O)cccc2C1,1.5597462839478802,[7]
C[C@]12CC[C@H]3[C@@H](CC=C4CC(=O)CC[C@@]43C)[C@@H]1CC[C@@H]2O,1.7272005465127291,[7]
CCCNCC(O)COc1ccccc1C(=O)CCc1ccccc1,1.5192173197442373,[7]
COc1c(N2C[C@@H]3CCCN[C@@H]3C2)c(F)cc2c(=O)c(C(=O)O)cn(C3CC3)c12,1.4354605776771756,[7]
CCCCc1nc(Cl)c(CO)n1Cc1ccc(-c2ccccc2-c2nn[nH]n2)cc1,-0.04515959940886088,[7]
CN1CCC[C@@H]1CCO[C@](C)(c1ccccc1)c1ccc(Cl)cc1,1.4978565191990023,[7]
CNCCCN1c2ccccc2CCc2ccccc21,1.7416890426213332,[7]
CO[C@@]1(NC(=O)C(C(=O)O)c2ccc(O)cc2)C(=O)N2C(C(=O)O)=C(CSc3nnnn3C)CO[C@@H]21,-4.0,[7]
COc1ccc(CCN2CCC(Nc3nc4ccccc4n3Cc3ccc(F)cc3)CC2)cc1,0.6659138623236378,[7]
CN(C)CCC(c1ccc(Cl)cc1)c1ccccn1,2.246822714556059,[7]
CCN1CCCC1CNC(=O)c1cc(S(=O)(=O)CC)c(N)cc1OC,0.7592904636900022,[7]
C[C@@H](Oc1cc(-c2cnn(C3CCNCC3)c2)cnc1N)c1c(Cl)ccc(F)c1Cl,-0.08917424546356865,[7]
OCCN(CCO)c1nc(N2CCCCC2)c2nc(N(CCO)CCO)nc(N3CCCCC3)c2n1,-0.27911481821987255,[7]
CC(NC(C)(C)C)C(=O)c1cccc(Cl)c1,2.3209583065465784,[7]
COC1C(=O)C(C)C[C@H](C)/C=C/C=C/C=C(\C)[C@@H](OC)C[C@@H]2CC[C@@H](C)[C@@](O)(O2)C(=O)C(=O)N2CCCCC2C(=O)O[C@H]([C@H](C)C[C@@H]2CC[C@@H](O)[C@H](OC)C2)CC(=O)C(C)=CC(C)[C@H]1O,0.17067151886675105,[7]
CN1CC(=O)N2C(Cc3c([nH]c4ccccc34)[C@H]2c2ccc3c(c2)OCO3)C1=O,0.9368227492592887,[7]
COC(=O)N(C)c1c(N)nc(-c2nn(Cc3ccccc3F)c3ncccc23)nc1N,0.3220218148142183,[7]
O=C(O)c1ccc(-n2nc(-c3ccccc3O)nc2-c2ccccc2O)cc1,-0.0156723401359193,[7]
CC(C)Nc1cccnc1N1CCN(C(=O)c2cc3cc(NS(C)(=O)=O)ccc3[nH]2)CC1,0.2999024473630186,[7]
CCC(C)(C)C(=O)O[C@H]1C[C@@H](C)C=C2C=C[C@H](C)[C@H](CC[C@@H]3C[C@@H](O)CC(=O)O3)[C@H]21,1.423620235319066,[7]
Nc1c(CC(=O)O)cccc1C(=O)c1ccc(Br)cc1,0.4731628854893939,[7]
Cc1ccc(-n2[nH]c(C)c(N=Nc3cccc(-c4cccc(C(=O)O)c4)c3O)c2=O)cc1C,-4.0,[7]
CN1CCN(C(=O)O[C@H]2c3nccnc3C(=O)N2c2ccc(Cl)cn2)CC1,2.1519943740461374,[7]
CCC1=C[C@@H]2CN3CCc4c([nH]c5ccccc45)[C@@](C(=O)OC)(C2)[C@@H]13,1.8874634667467618,[7]
Clc1ccccc1CN1CCc2sccc2C1,1.8307807871239277,[7]
CC(=O)c1c(C)c2cnc(Nc3ccc(N4CCNCC4)cn3)nc2n(C2CCCC2)c1=O,0.8480151989164504,[7]
COc1ccc2c(O[C@@H]3CC4C(=O)N[C@]5(C(=O)O)C[C@H]5/C=C\CCCCCC(NC(=O)OC5CCCC5)C(=O)N4C3)cc(-c3csc(NC(C)C)n3)nc2c1,-0.14868475814871804,[7]
CSc1ccc2c(c1)N(CCC1CCCCN1C)c1ccccc1S2,1.501179310923219,[7]
CC(=O)CC(c1ccccc1)c1c(O)c2ccccc2oc1=O,0.9708835450757654,[7]
C[C@@H]1C[C@H]2[C@@H]3CC=C4CC(=O)C=C[C@]4(C)[C@@]3(F)[C@@H](O)C[C@]2(C)[C@@]1(O)C(=O)CO,1.072972180743702,[7]
C/C(=C\c1csc(C)n1)[C@@H]1C[C@@H]2O[C@]2(C)CCC[C@H](C)[C@H](O)C(C)C(=O)C(C)(C)[C@@H](O)CC(=O)N1,0.5349720400367562,[7]
CC(C)c1c(C(=O)Nc2ccccc2)c(-c2ccccc2)c(-c2ccc(F)cc2)n1CC[C@@H](O)C[C@@H](O)CC(=O)O,-0.2874962534167056,[7]
CC(C)c1nc(CN(C)C(=O)NC(CCN2CCOCC2)C(=O)N[C@H](CC[C@H](Cc2ccccc2)NC(=O)OCc2cncs2)Cc2ccccc2)cs1,-0.42626134842930363,[7]
CC(=O)O[C@H]1CC[C@@]2(C)C(=CC[C@@H]3[C@@H]2CC[C@]2(C)C(c4cccnc4)=CC[C@@H]32)C1,0.13322786547426993,[7]
Cc1cc(C=CC#N)cc(C)c1Nc1ccnc(Nc2ccc(C#N)cc2)n1,1.4707537635671442,[7]
CN(Cc1cnc2nc(N)nc(N)c2n1)c1ccc(C(=O)NC(CCC(=O)O)C(=O)O)cc1,0.1250741680297322,[7]
CN(C)CCc1c[nH]c2ccc(C[C@H]3COC(=O)N3)cc12,0.8925815170075045,[7]
OCCOc1ccc(/C(=C(/CCCl)c2ccccc2)c2ccccc2)cc1,0.8105718250052794,[7]
NC(=O)c1cn(Cc2c(F)cccc2F)nn1,2.38623237371794,[7]
CC(=O)Nc1ccc(OC(=O)c2ccccc2OC(C)=O)cc1,-4.0,[7]
COc1ccc(-n2nc(C(N)=O)c3c2C(=O)N(c2ccc(N4CCCCC4=O)cc2)CC3)cc1,0.5316118404982606,[7]
CS(=O)(=O)CCNCc1ccc(-c2ccc3ncnc(Nc4ccc(OCc5cccc(F)c5)c(Cl)c4)c3c2)o1,0.25584069687365085,[7]
CN(C)C(=O)Oc1cccc([N+](C)(C)C)c1,0.6720388574252938,[7]
COc1ccc2[nH]c([S+]([O-])Cc3ncc(C)c(OC)c3C)nc2c1,1.5253838345505362,[7]
COC(=O)C1C=C2CC(=O)CC[C@]2(C)[C@@]23O[C@@H]2C[C@@]2(C)[C@@H](CC[C@@]24CCC(=O)O4)[C@H]13,1.924735764220361,[7]
CCOC(=O)C1=C(C)N=C(C)C(C(=O)OC)C1c1cccc(Cl)c1Cl,1.2531550064117865,[7]
C[C@@H](NCCCc1cccc(C(F)(F)F)c1)c1cccc2ccccc12,1.16512535885948,[7]
C[C@]1(COc2ccc(N3CCC(Oc4ccc(OC(F)(F)F)cc4)CC3)cc2)Cn2cc([N+](=O)[O-])nc2O1,1.2436660602069123,[7]
Cc1nc2c([nH]1)-c1ccccc1N(C(=O)c1ccc(NC(=O)c3ccccc3-c3ccccc3)cc1)CC2,-4.0,[7]
COc1ccc2c(c1)c(CC(=O)O)c(C)n2C(=O)c1ccc(Cl)cc1,0.9039076308213568,[7]
Cc1c(C(=O)NN2CCCCC2)nn(-c2ccc(Cl)cc2Cl)c1-c1ccc(Cl)cc1,1.2703269115712625,[7]
COc1ccc2cccc(CCNC(C)=O)c2c1,2.089437772834955,[7]
COc1ccc2cc(C(C)C(=O)O)ccc2c1,0.7958357987727456,[7]
CC(C)(C)NC(=O)C1C[C@@H]2CCCC[C@@H]2CN1C[C@@H](O)[C@H](Cc1ccccc1)NC(=O)C(CC(N)=O)NC(=O)c1ccc2ccccc2n1,-0.307678137599885,[7]
CCOc1ccc(NC(C)=O)cc1,2.3579565948949783,[7]
CNCCC(Oc1ccc(C(F)(F)F)cc1)c1ccccc1,1.544837876737631,[7]
CNc1nc(Nc2ccc(C(=O)N3CCOCC3)cc2OC)ncc1Cl,1.824458693318326,[7]
COc1ccc(CNc2nc(N3CCC[C@H]3CO)ncc2C(=O)NCc2ncccn2)cc1Cl,0.933671509593804,[7]
O=C1NC(=O)C(c2ccccc2)(c2ccccc2)N1,1.825089366369335,[7]
Cc1ccc(C(=O)c2cc(O)c(O)c([N+](=O)[O-])c2)cc1,1.0419028791793945,[7]
Oc1c(Br)cc(Cl)cc1Cc1cc(Cl)cc(Br)c1O,0.7944879183226914,[7]
NS(=O)(=O)c1cc2c(cc1Cl)NCNS2(=O)=O,0.8074267318973148,[7]
CNC(=O)c1ccc(N2C(=S)N(c3ccc(C#N)c(C(F)(F)F)c3)C(=O)C2(C)C)cc1F,1.757628545279827,[7]
CCN1CC(CCN2CCOCC2)C(c2ccccc2)(c2ccccc2)C1=O,1.9418353527824255,[7]
CC(C)(C)NC(=O)C1CN(Cc2cccnc2)CCN1C[C@@H](O)CC(Cc1ccccc1)C(=O)N[C@H]1c2ccccc2C[C@H]1O,0.036079189045184215,[7]
COc1cc([C@@H]2c3cc4c(cc3[C@@H](O[C@@H]3O[C@@H]5CO[C@@H](C)O[C@H]5[C@H](O)[C@H]3O)[C@H]3COC(=O)C23)OCO4)cc(OC)c1O,0.11313913998258264,[7]
N#C[C@@H]1C[C@@H]2C[C@@H]2N1C(=O)C(N)C12CC3CC(CC(O)(C3)C1)C2,0.5980310544139024,[7]
CC(=O)NC(CC(C)C)C(=O)NC(CC(C)C)C(=O)NC(C=O)CCCN=C(N)N,0.5089160753489171,[7]
Cc1ccc(/C(=C\CN2CCCC2)c2ccccn2)cc1,2.142802157306372,[7]
C[C@H](Cc1cc2c(c(C(N)=O)c1)N(CCCO)CC2)NCCOc1ccccc1OCC(F)(F)F,0.27696673931419363,[7]
CN1C[C@@H]2c3ccccc3Oc3ccc(Cl)cc3[C@H]2C1,2.051008034312218,[7]
Cc1ccnc2c1NC(=O)c1cccnc1N2C1CC1,2.28207968368878,[7]
CN(Cc1ccccc1)c1ccc2cc(C(=O)O)c(=O)oc2c1,1.162711741170757,[7]
CN1CCN(CC(=O)N2c3ccccc3C(=O)Nc3cccnc32)CC1,0.9519097295523861,[7]
CCCN(CCC)CCc1cccc2[nH]c(O)cc12,2.3722350231203757,[7]
C=CC(=O)Nc1cc(Nc2nccc(-c3cn(C)c4ccccc34)n2)c(OC)cc1N(C)CCN(C)C,0.8737580745457293,[7]
C[N+]1(C)[C@@H]2C[C@@H](OC(=O)C(O)(c3cccs3)c3cccs3)C[C@H]1[C@@H]1O[C@@H]12,0.4924741545658949,[7]
Cc1cn(-c2cc(NC(=O)c3ccc(C)c(Nc4nccc(-c5cccnc5)n4)c3)cc(C(F)(F)F)c2)cn1,0.5802951691886821,[7]
Cc1cccc([C@H](C)c2c[nH]cn2)c1C,2.0403718497454526,[7]
C[C@H]1O[C@H](O[C@H]2[C@H](O)[C@@H](O)[C@@H](O[C@H]3[C@H](O)[C@@H](O)C(O)O[C@@H]3CO)O[C@@H]2CO)[C@H](O)[C@@H](O)[C@@H]1N[C@H]1C=C(CO)[C@@H](O)[C@H](O)[C@H]1O,-4.0,[7]
CCc1ccc(CCOc2ccc(Cc3sc(=O)[nH]c3O)cc2)nc1,1.0435728464264726,[7]
Nc1cc(N2CCCCC2)nc(N)[n+]1[O-],1.1455209409359466,[7]
O=C(O)CCCN1CCC(O[C@@H](c2ccc(Cl)cc2)c2ccccn2)CC1,0.6329385177420598,[7]
CN=C(C[N+](=O)[O-])NCCSCc1ccc(CN(C)C)o1,0.3999345344003959,[7]
Cc1ccc(-c2cc(C(F)(F)F)nn2-c2ccc(S(N)(=O)=O)cc2)cc1,1.4913406280796742,[7]
Cc1nc2n(c(=O)c1CCN1CCC(c3noc4cc(F)ccc34)CC1)CCCC2,1.458748469453959,[7]
CCCCOc1cc(C(=O)NCCN(CC)CC)c2ccccc2n1,1.4592810947341486,[7]
COc1ccc2c(c1OC)C(=O)O[C@@H]2[C@H]1c2c(cc3c(c2OC)OCO3)CCN1C,1.914891553134131,[7]
CON=C(C(=O)NC1C(=O)N2C(C(=O)O)=C(COC(C)=O)CS[C@H]12)c1csc(N)n1,0.5372056483156987,[7]
CC(C)c1cc(C(C)C)c(CC(=O)NS(=O)(=O)Oc2c(C(C)C)cccc2C(C)C)c(C(C)C)c1,-1.3185910939899754,[7]
CN(C)CCCN1c2ccccc2CCc2ccccc21,1.919024367453642,[7]
CN1CCN(C2=Nc3ccccc3Oc3ccc(Cl)cc32)CC1,1.89464846331894,[7]
CC(=O)Nc1cccc(-n2c(=O)n(C3CC3)c(=O)c3c(Nc4ccc(I)cc4F)n(C)c(=O)c(C)c32)c1,-0.9592810686556459,[7]
O=C(O)c1cc(N=Nc2ccc(S(=O)(=O)Nc3ccccn3)cc2)ccc1O,-0.275676374562159,[7]
CCCCc1oc2ccc(NS(C)(=O)=O)cc2c1C(=O)c1ccc(OCCCN(CCCC)CCCC)cc1,0.5913735730110112,[7]
C[C@@H]1CCN(C(=O)CC#N)C[C@@H]1N(C)c1ncnc2[nH]ccc12,0.9690819503417273,[7]
CCOc1cccc(NC(=O)c2ccc(N3CCCC3)c(C(F)(F)F)c2)c1,1.333811974436836,[7]
COC(=O)C[C@](O)(CCCC(C)(C)O)C(=O)O[C@@H]1C(OC)=C[C@]23CCCN2CCc2cc4c(cc2[C@H]13)OCO4,0.32384542311710107,[7]
CCOC(=O)COc1ccc2c(=O)cc(-c3ccccc3)oc2c1,0.6263040177671656,[7]
CC(C)C[C@H](NC(=O)C(Cc1ccccc1)NC(=O)c1cnccn1)B(O)O,0.47335618218791603,[7]
NC(=O)N1c2ccccc2C=Cc2ccccc21,2.0675725179508255,[7]
Cc1ccc(/C(=C\CN2CCCC2)c2cccc(/C=C/C(=O)O)n2)cc1,0.7418466883524206,[7]
CC(C)OC(=O)C(C)N[P@@](=O)(OC[C@H]1O[C@@H](n2ccc(=O)[nH]c2=O)[C@](C)(F)[C@@H]1O)Oc1ccccc1,0.08072219249882827,[7]
CN(C)C/C=C/C(=O)Nc1cc2c(Nc3ccc(F)c(Cl)c3)ncnc2cc1O[C@H]1CCOC1,-0.24232490140691665,[7]
CC12CC3CC(C)(C1)CC(N)(C3)C2,2.331901845747879,[7]
Cc1ccc(-n2nccn2)c(C(=O)N2CCN(c3nc4cc(Cl)ccc4o3)CC[C@H]2C)c1,1.4826109228953026,[7]
OC[C@H]1O[C@@H](c2ccc(Cl)c(Cc3ccc(O[C@H]4CCOC4)cc3)c2)[C@H](O)[C@@H](O)[C@@H]1O,-0.5410903661783307,[7]
COc1ccc2cc3[n+](cc2c1OC)CCc1cc2c(cc1-3)OCO2,0.3632496800459961,[7]
CC[C@H]1OC(=O)C(C)[C@@H](O[C@H]2C[C@@](C)(OC)[C@@H](O)[C@H](C)O2)[C@H](C)[C@@H](O[C@@H]2O[C@H](C)C[C@H](N(C)C)[C@H]2O)[C@](C)(O)CC(C)C(=O)C(C)[C@@H](O)[C@]1(C)O,0.6358931250717228,[7]
CC(C)(C)NCC(O)COc1cccc2c1C[C@@H](O)[C@@H](O)C2,0.6212830004790858,[7]
COC(=O)C1=C(C#N)N=C(C)C(C(=O)OC(C)C)C1c1cccc([N+](=O)[O-])c1,1.3197850961489237,[7]
COC(=O)NC(C(=O)N1CCC[C@H]1c1nc(-c2ccc(-c3ccc(-c4c[nH]c([C@@H]5CCCN5C(=O)C(NC(=O)OC)C(C)C)n4)cc3)cc2)c[nH]1)C(C)C,-1.0161910364411366,[7]
Cc1cn([C@H]2C[C@H](N=[N+]=[N-])[C@@H](CO)O2)c(=O)[nH]c1=O,1.3131176786338272,[7]
COc1cc2c(cc1OC)CC(=O)N(CCCN(C)C[C@H]1Cc3cc(OC)c(OC)cc31)CC2,0.06987328106101945,[7]
Cc1cc2ncc(C(=O)NCC(C)(C)NCC(=O)N3CCC[C@H]3C#N)cn2n1,0.36404246213579705,[7]
Clc1ccccc1C(c1ccccc1)(c1ccccc1)n1ccnc1,1.433713073925669,[7]
N=C(N)NC(=O)Cc1c(Cl)cccc1Cl,1.48114479087064,[7]
CCOC(=O)c1cncn1[C@H](C)c1ccccc1,1.9932097302568996,[7]
CCN(CC)C(=O)[C@@]1(c2ccccc2)C[C@H]1CN,0.5739373763146833,[7]
C[C@]12CCC(=O)C=C1CC[C@@H]1[C@@H]2[C@@H](O)C[C@@]2(C)[C@H]1CC[C@]2(O)C(=O)CO,1.2424611623668174,[7]
C#CCC(Cc1cnc2nc(N)nc(N)c2n1)c1ccc(C(=O)NC(CCC(=O)O)C(=O)O)cc1,0.2811560426587231,[7]
O=C(Nc1cccc2c(=O)cc(-c3nn[nH]n3)oc12)c1ccc(OCCCCc2ccccc2)cc1,-4.0,[7]
CC(C)NCC(O)COc1cccc2ccccc12,2.067050600033702,[7]
N=C(N)Nc1ccc(C(=O)Oc2ccc3cc(C(=N)N)ccc3c2)cc1,-0.1225766979929459,[7]
N[C@@H](CC(=O)N1CCn2c(nnc2C(F)(F)F)C1)Cc1cc(F)c(F)cc1F,0.8463464314821005,[7]
Cc1nnc(SCC2=C(C(=O)O)N3C(=O)C(NC(=O)Cn4cnnn4)[C@H]3SC2)s1,0.26223879149125506,[7]
CCC(=O)NC[C@@H]1C[C@H]1c1cccc2c1CCO2,2.2705427882171048,[7]
Cc1ccc(=O)n(-c2ccccc2)c1,2.267217265195968,[7]
CN=C(NC#N)NCCSCc1[nH]cnc1C,0.7517887755580679,[7]
NS(=O)(=O)c1cc(C(=O)O)c(NCc2ccco2)cc1Cl,-4.0,[7]
Nc1nc(=O)c2ncn(COCCO)c2[nH]1,1.0247851192617425,[7]
CN(C)c1nc(N(C)C)nc(N(C)C)n1,2.35808534357939,[7]
CCC(C(N)=O)N1CCCC1=O,1.3794685078915683,[7]
CC(C)CC1C(=O)N2CCC[C@H]2[C@]2(O)O[C@](NC(=O)C3C=C4c5cccc6[nH]c(Br)c(c56)C[C@H]4N(C)C3)(C(C)C)C(=O)N12,0.45718544009889983,[7]
O=c1[nH]c(=O)n([C@H]2C[C@H](O)[C@@H](CO)O2)cc1C(F)(F)F,0.9315419940782808,[7]
CCc1nn(CCCN2CCN(c3cccc(Cl)c3)CC2)c(=O)n1CCOc1ccccc1,1.4087500027700282,[7]
Oc1c2c(c(O)n1C[C@@H]1CCCC[C@H]1CN1CCN(c3nsc4ccccc34)CC1)[C@H]1CC[C@@H]2C1,1.2597538983851564,[7]
NCCNc1ccc(NCCN)c2c1C(=O)c1ccncc1C2=O,0.20548194507997453,[7]
O=C(O)c1ccc2nc(-c3cc(Cl)cc(Cl)c3)oc2c1,0.864477309196275,[7]
Clc1ccc2c(c1)CCc1cccnc1C2=C1CCNCC1,0.7486879844777534,[7]
COc1cc2c(cc1OC)[C@@H]1CC(=O)C(CC(C)C)CN1CC2,2.083227113077182,[7]
CCOc1ccc(Cc2cc([C@@H]3O[C@H](CO)[C@@H](O)[C@H](O)[C@H]3O)ccc2Cl)cc1,-0.06322092484579037,[7]
O=C(O)Cc1ccccc1Nc1c(Cl)cccc1Cl,0.6678511222999216,[7]
CN1CCN(C2=Nc3cc(Cl)ccc3Nc3ccccc32)CC1,1.9818520493658973,[7]
CN(C)CCOC(C)(c1ccccc1)c1ccccn1,2.2816011517979997,[7]
C=CCc1ccccc1OCC(O)CNC(C)C,2.087496658278871,[7]
COc1cc2nc(N3CCN(C(=O)C4COc5ccccc5O4)CC3)nc(N)c2cc1OC,0.9377503906059868,[7]
CC(C(=O)O)c1cccc(Oc2ccccc2)c1,1.3088939284911478,[7]
N#CC(=Cc1ccc(O)c(O)c1)C(=O)Nc1ccccc1,0.12333245987772741,[7]
COc1ccc(CCN(C)CCCC(C#N)(c2ccc(OC)c(OC)c2)C(C)C)cc1OC,1.416753529666595,[7]
c1cnc2cc3c(cc2n1)C1CNCC3C1,2.4346540724861607,[7]
CCCCC[C@H](O)/C=C/[C@@H]1C(CCCCCCC(=O)O)C(=O)C[C@H]1O,0.3222561316840264,[7]
CC(C)(C)NCC(O)c1ccc(O)c(CO)c1,0.5050570034273836,[7]
CC(=O)Oc1ccccc1C(=O)O,0.8742935341224217,[7]
CNS(=O)(=O)Cc1ccc2[nH]cc(CCN(C)C)c2c1,0.9429619181959911,[7]
NCCCCC(NC(CCc1ccccc1)C(=O)O)C(=O)N1CCCC1C(=O)O,0.5131481971953495,[7]
CN(C)CC/C=C1/c2ccccc2Sc2ccc(Cl)cc21,1.5366039117072101,[7]
O=C1CC[C@@]2(O)[C@H]3Cc4ccc(O)c5c4[C@@]2(CCN3CC2CC2)C1O5,2.196175821515159,[7]
C[C@H](Cn1cnc2c(N)ncnc21)OCP(=O)(O)O,-4.0,[7]
CNC(=O)c1cc(Oc2ccc(NC(=O)Nc3ccc(Cl)c(C(F)(F)F)c3)c(F)c2)ccn1,1.288908668448268,[7]
CC[C@]12C=CCN3CC[C@@]4(c5ccc(OC)cc5N(C)[C@H]4[C@@](O)(C(=O)OC)[C@@H]1OC(C)=O)[C@@H]32,0.8921567132171815,[7]
Oc1ccc2c(c1)CC[C@H](c1ccccc1)[C@@H]2c1ccc(OCCN2CCCC2)cc1,1.2097738621499161,[7]
CC(C(=O)O)c1ccc(CC2CCCC2=O)cc1,0.8622218153015505,[7]
COc1cc2c(c(OC)c1OC)-c1ccc(OC)c(=O)cc1[C@@H](NC(C)=O)CC2,0.5028740585120559,[7]
CNCCCC1c2ccccc2C=Cc2ccccc21,1.675730859238711,[7]
CCOc1cc([C@@H](CS(C)(=O)=O)N2C(=O)c3cccc(NC(C)=O)c3C2=O)ccc1OC,0.4733350725485037,[7]
NCC1(CC(=O)O)CCCCC1,1.112423791558719,[7]
Cc1oncc1C(=O)Nc1ccc(C(F)(F)F)cc1,1.871141272758064,[7]
CN(C)CC(c1ccc(O)cc1)C1(O)CCCCC1,1.756438401381104,[7]
O[C@@H](CNC[C@H](O)[C@H]1CCc2cc(F)ccc2O1)[C@@H]1CCc2cc(F)ccc2O1,1.357618519728664,[7]
COC(=O)Nc1nc2cc(C(=O)c3ccc(F)cc3)ccc2[nH]1,1.7903806534131523,[7]
COC(=O)C1[C@H]2C[C@H]3c4[nH]c5ccccc5c4CCN3C[C@@H]2CC[C@@H]1O,1.8231032837318462,[7]
CN(C)CCC(c1ccccc1)c1ccccn1,2.2143679154729012,[7]
c1ccc(-c2ccc(C(c3ccccc3)n3ccnc3)cc2)cc1,1.441840004523438,[7]
COc1ccc(Cl)cc1C(=O)NCCc1ccc(S(=O)(=O)NC(=O)NC2CCCCC2)cc1,-0.905371027188714,[7]
CCCc1nn(C)c2c(=O)[nH]c(-c3cc(S(=O)(=O)N4CCN(C)CC4)ccc3OCC)nc12,1.3771078042041371,[7]
NC(=O)CCCN=C(c1ccc(Cl)cc1)c1cc(F)ccc1O,1.58520970357466,[7]
CC(C)CN(C[C@@H](O)[C@H](Cc1ccccc1)NC(=O)O[C@H]1CO[C@H]2OCC[C@H]21)S(=O)(=O)c1ccc(N)cc1,-0.27431037504256567,[7]
O=C(NC[C@H]1CN(c2ccc(N3CCOCC3=O)cc2)C(=O)O1)c1ccc(Cl)s1,0.6088788927689509,[7]
N=C(N)N/N=C/c1c(Cl)cccc1Cl,2.0723969937249027,[7]
Cn1c(CCCC(=O)O)nc2cc(N(CCCl)CCCl)ccc21,-0.08738015460832595,[7]
CCC(=O)N1CCN(C(=O)c2ccccc2)CC1,2.208233440868536,[7]
CCCC(NC(=O)C1C2CCC[C@H]2CN1C(=O)C(NC(=O)C(NC(=O)c1cnccn1)C1CCCCC1)C(C)(C)C)C(=O)C(=O)NC1CC1,-0.11368102995214968,[7]
CC(CN1c2ccccc2Sc2ccccc21)N(C)C,1.8985160653430324,[7]
CCCC(NC(C)C(=O)N1C(C(=O)O)C[C@@H]2CCCC[C@@H]21)C(=O)OCC,-0.005123621952314956,[7]
CC(=O)OC1=C2C(C)[C@@H](OC(=O)C(O)C(NC(=O)c3ccccc3)c3ccccc3)C[C@@](O)([C@@H](OC(=O)c3ccccc3)[C@@H]3[C@]4(OC(C)=O)CO[C@@H]4C[C@H](O)[C@@]3(C)C1=O)C2(C)C,0.7640911234467398,[7]
COc1cc2c(Nc3ccc(Br)cc3F)ncnc2cc1OCC1CCN(C)CC1,1.1706686215029058,[7]
CO[C@H]1/C=C/O[C@@]2(C)Oc3c(C)c(O)c4c(O)c(c5c(nc6cc(C)ccn65)c4c3C2=O)NC(=O)C(C)=CC=CC(C)[C@H](O)[C@@H](C)[C@@H](O)[C@@H](C)[C@H](OC(C)=O)[C@@H]1C,0.1930928753247096,[7]
Cc1nccn1CC1CCc2c(c3ccccc3n2C)C1=O,1.828094063658263,[7]
CCc1cccc2c3c([nH]c12)C(CC)(CC(=O)O)OCC3,1.321386450281168,[7]
NS(=O)(=O)c1cc(C2(O)NC(=O)c3ccccc32)ccc1Cl,0.780417373080347,[7]
CC[C@H](C)[C@H]1O[C@]2(CC[C@@H]1C)C[C@@H]1C[C@@H](C/C=C(\C)[C@@H](O[C@H]3C[C@H](OC)[C@@H](O[C@H]4C[C@H](OC)[C@@H](O)[C@H](C)O4)[C@H](C)O3)[C@@H](C)/C=C/C=C3\CO[C@@H]4[C@H](O)C(C)=CC(C(=O)O1)[C@]34O)O2,0.6893380073871342,[7]
CNC(C)(C)Cc1ccccc1,2.379378592030448,[7]
O=C(O)c1cc(C(F)(F)F)ccc1N1CC[C@H](OCc2ccccn2)C1,1.1959650478084605,[7]
Cn1nnc(-c2ccc(-c3ccc(N4C[C@H](CO)OC4=O)cc3F)cn2)n1,1.7724173708201547,[7]
CCC(C)n1ncn(-c2ccc(N3CCN(c4ccc(OC[C@@H]5CO[C@@](Cn6cncn6)(c6ccc(Cl)cc6Cl)O5)cc4)CC3)cc2)c1=O,1.0264962102284325,[7]
CC(C)(C)c1ccc(C(O)CCCN2CCC(C(O)(c3ccccc3)c3ccccc3)CC2)cc1,0.7326941895972585,[7]
COCCCC/C(=N\OCCN)c1ccc(C(F)(F)F)cc1,1.9379793524027948,[7]
Cc1nc(C)c(-c2ccc(C3CCC(CC(=O)O)CC3)cc2)nc1C(N)=O,0.599927269872722,[7]
OCCN1C[C@H](O)[C@@H](O)[C@H](O)[C@H]1CO,-4.0,[7]
CC(C)NCC(O)COc1ccc(COCCOC(C)C)cc1,1.6605175454068397,[7]
CN(C)CCCN1c2ccccc2Sc2ccccc21,1.8778312187041668,[7]
COc1ccc2c(c1)[C@]13CCCC[C@@H]1[C@H](C2)N(C)CC3,2.1230485061228537,[7]
O=C1CCCC(=O)C1C(=O)c1ccc(C(F)(F)F)cc1[N+](=O)[O-],1.642650088654377,[7]
OC(CCN1CCCCC1)(c1ccccc1)C1CC2C=CC1C2,1.92519671817439,[7]
CC(C)N1CCC(N(C(=O)Cc2ccccc2)c2ccc(Cl)cc2)CC1,1.6161243494211222,[7]
CC#CCn1c(N2CCC[C@@H](N)C2)nc2c1c(=O)n(Cc1nc(C)c3ccccc3n1)c(=O)n2C,0.2770139987196283,[7]
Fc1ccc(Oc2ccnc3cc(Cl)cc(Cl)c23)cc1,1.494741258917268,[7]
Cc1cccc(C)c1OCC(C)N,2.432087390605548,[7]
Cc1ccccc1C(=O)Nc1ccc(C(=O)N2CCCC(O)c3cc(Cl)ccc32)c(C)c1,0.4176301759561681,[7]
COc1ccc2c(c1)CC(C(=O)Nc1ccc(-c3cn[nH]c3)cc1OCCN(C)C)CO2,0.8853361174808401,[7]
COc1ccccc1OCC(O)CN1CCN(CC(=O)Nc2c(C)cccc2C)CC1,1.239217174151123,[7]
C=C1[C@H](CO)[C@@H](O)C[C@@H]1n1cnc2c(=O)[nH]c(N)nc21,0.6077066929908336,[7]
CC(=O)OCC(CCn1cnc2cnc(N)nc21)COC(C)=O,1.422177232389795,[7]
CCOC(=O)N1CCC(=C2c3ccc(Cl)cc3CCc3cccnc32)CC1,1.389422538758581,[7]
CN(C)C(=O)C(CCN1CCC(O)(c2ccc(Cl)cc2)CC1)(c1ccccc1)c1ccccc1,0.3337888547191396,[7]
CN1CCc2nc(C(=O)N[C@@H]3CC(C(=O)N(C)C)CC[C@@H]3NC(=O)C(=O)Nc3ccc(Cl)cn3)sc2C1,0.3319813707525089,[7]
CC(C)C1CCC(C(=O)NC(Cc2ccccc2)C(=O)O)CC1,-0.0746399778261385,[7]
O=C(O)c1cn(C2CC2)c2cc(N3CCNCC3)c(F)cc2c1=O,0.5829038961065222,[7]
Cc1ncc2n1-c1ccc(Cl)cc1C(c1ccccc1F)=NC2,1.2000311204529457,[7]
COCCCOc1cc(C[C@@H](C[C@H](N)[C@@H](O)CC(C(=O)NCC(C)(C)C(N)=O)C(C)C)C(C)C)ccc1OC,0.2914579720338647,[7]
O=C(O)CCCc1ccc(N(CCCl)CCCl)cc1,1.268474209438082,[7]
COCCOC(=O)C1=C(C)N=C(C)C(C(=O)OC(C)C)C1c1cccc([N+](=O)[O-])c1,1.4427408711851397,[7]
CC(C)(O)c1ccccc1CC[C@@H](SCC1(CC(=O)O)CC1)c1cccc(/C=C/c2ccc3ccc(Cl)cc3n2)c1,-0.38564692675867407,[7]
COCC(=O)O[C@]1(CCN(C)CCCc2nc3ccccc3[nH]2)CCc2cc(F)ccc2[C@@H]1C(C)C,0.34790473036580993,[7]
CC1CNc2c(cccc2S(=O)(=O)NC(CCCN=C(N)N)C(=O)N2CC[C@@H](C)CC2C(=O)O)C1,0.14791193323384358,[7]
CN(C)c1cc(NC(=O)CNC(C)(C)C)c(O)c2c1CC1C[C@H]3C(N(C)C)C(=O)C(C(N)=O)C(=O)[C@@]3(O)C(=O)C1C2=O,0.42254129053213463,[7]
O=c1n(CCCN2CCN(c3cccc(Cl)c3)CC2)nc2ccccn12,2.0388539278619917,[7]
COC(=O)C1=C(C)N=C(C)C(C(=O)OCC(C)C)C1c1ccccc1[N+](=O)[O-],1.4616165542046926,[7]
COc1ccc([C@@H]2Sc3ccccc3N(CCN(C)C)C(=O)C2OC(C)=O)cc1,1.7577236909664948,[7]
CCCS(=O)(=O)Nc1ccc(F)c(C(=O)c2c[nH]c3ncc(-c4ccc(Cl)cc4)cc23)c1F,-0.0917151517503358,[7]
